form	lemma	POS							
DIALOGO	dialòg	NOUN							
<lb/>	lb	XML							
ENTRE	entre	ADP							
le	lo	DET							
Cultibatou	cultivator	NOUN							
BOURREL	Borrèl	PROPN							
,	,	PUNCT							
<lb/>	lb	XML							
de	de	ADP							
la	lo	DET							
Parroquio	parròquia	NOUN							
de	de	ADP							
Sen	sant	ADJ							
-	-	PUNCT							
Sarni	Sarnin	PROPN							
de	de	ADP							
<lb/>	lb	XML							
Toulouso	Tolosa	PROPN							
,	,	PUNCT							
<lb/>	lb	XML							
ET	e	CCONJ							
Mestre	mèstre	NOUN							
LABERTAT	Lavertat	PROPN							
.	.	PUNCT							
Jardinié	jardinièr	NOUN							
<lb/>	lb	XML							
del	de+lo	ADP+DET							
Bari	barri	NOUN							
de	de	ADP							
Sen	sant	ADJ							
-	-	PUNCT							
Miquel	Miquèl	PROPN							
,	,	PUNCT							
de	de	ADP							
la	lo	DET							
mêmo	mèma	ADJ							
<lb/>	lb	XML							
Bilo	vila	NOUN							
.	.	PUNCT							
<lb/>	lb	XML							
<lb/>	lb	XML							
Mestre	mèstre	NOUN							
LABERTAT	Lavertat	PROPN							
.	.	PUNCT							
<lb/>	lb	XML							
PARDI	pardí	INTJ							
,	,	PUNCT							
Mestre	mèstre	NOUN							
Bourrel	Borrèl	PROPN							
,	,	PUNCT							
son	èsser	AUX							
charmat	charmar	VERB							
de	de	ADP							
bous	vos	PRON							
beze	véser	VERB							
.	.	PUNCT							
<lb/>	lb	XML							
Ey	aver	AUX							
legit	legir	VERB							
bostr'	vòstre	DET							
oubratge	obratge	NOUN							
avant	avant	ADV							
-	-	PUNCT							
hier	ièr	ADV							
ambe	amb	ADP							
leze	léser	NOUN							
;	;	PUNCT							
<lb/>	lb	XML							
Ey	aver	VERB							
pla	plan	ADV							
fay	far	VERB							
reflexiou	reflexion	NOUN							
à	a	ADP							
tout	tot	DET							
ço	çò	PRON							
qu'	qui	PRON							
abes	aver	AUX							
dit	dire	VERB							
;	;	PUNCT							
<lb/>	lb	XML							
Mes	mas	CCONJ							
ey	aver	AUX							
bist	véser	VERB							
cependant	cependant	ADV							
qu'	que	SCONJ							
abes	aver	AUX							
un	un	DET							
pau	pauc	ADV							
faillit	falhir	VERB							
.	.	PUNCT							
<lb/>	lb	XML							
Quand	quand	SCONJ							
on	òm	PRON							
fa	far	VERB							
de	de	ADP							
proujets	projècte	NOUN							
per	per	ADP							
le	lo	DET							
salut	salut	NOUN							
del	de+lo	ADP+DET							
pople	pòble	NOUN							
,	,	PUNCT							
<lb/>	lb	XML							
On'	òm	DET							
on	òm	PRON							
bol	voler	VERB							
pel	per+lo	ADP+DET							
Routurier	roturièr	NOUN							
,	,	PUNCT							
per	per	ADP							
le	lo	DET							
Clergé	clergé	NOUN							
,	,	PUNCT							
le	lo	DET							
Noble	nòble	ADJ							
,	,	PUNCT							
<lb/>	lb	XML							
La	lo	DET							
balanço	balança	NOUN							
à	a	ADP							
la	lo	DET							
ma	man	NOUN							
les	el	PRON							
mettre	metre	VERB							
à	a	ADP							
la	lo	DET							
razou	rason	NOUN							
,	,	PUNCT							
<lb/>	lb	XML							
Qual	caler	VERB							
dire	dire	VERB							
la	lo	DET							
bertat	vertat	NOUN							
se	se	SCONJ							
l'	lo	DET							
on	òm	PRON							
bol	voler	VERB							
estre	èsser	VERB							
Autou	autor	NOUN							
.	.	PUNCT							
<lb/>	lb	XML							
Bourrel	Borrèl	PROPN							
,	,	PUNCT							
bous	vos	PRON							
abes	aver	AUX							
fayt	far	VERB							
dins	dins	ADP							
bostros	vòstre	DET							
douleenços	doleénça	NOUN							
<lb/>	lb	XML							
Uno	un	DET							
troupe	tropa	NOUN							
d'	de	ADP							
escars	escar	NOUN							
et	e	CCONJ							
pla	plan	ADV							
de	de	ADP							
negligenços	negligença	NOUN							
;	;	PUNCT							
<lb/>	lb	XML							
Bous	vos	PRON							
abes	aver	AUX							
fayt	far	VERB							
,	,	PUNCT							
amic	amic	NOUN							
,	,	PUNCT							
coumo	coma	ADP							
dins	dins	ADP							
le	lo	DET							
cahier	caièr	NOUN							
<lb/>	lb	XML							
Que	qui	PRON							
ben	venir	VERB							
de	de	ADP							
présenta	presentar	VERB							
la	lo	DET							
Bilo	vila	NOUN							
en	en	ADP							
son	son	DET							
entier	entièr	NOUN							
.	.	PUNCT							
<lb/>	lb	XML							
Per	per	ADP							
hazard	asard	NOUN							
,	,	PUNCT							
l'	lo	DET							
autre	autre	DET							
jour	jorn	NOUN							
,	,	PUNCT							
sur	sus	ADP							
nostro	nòstre	DET							
grando	grand	ADJ							
plaço	plaça	NOUN							
,	,	PUNCT							
<lb/>	lb	XML							
Bejebi	véser	VERB							
un	un	DET							
Porto	portar	VERB							
-	-	PUNCT							
faix	fais	NOUN							
,	,	PUNCT							
ambe	amb	ADP							
sa	son	DET							
larjo	larg	ADJ							
faço	faça	NOUN							
,	,	PUNCT							
<lb/>	lb	XML							
Que	qui	PRON							
quirdabo	quirdar	VERB							
tout	tot	ADV							
soul	sol	ADJ							
coumm'	coma	ADP							
un	un	DET							
dégargaillat	degargalhar	VERB							
:	:	PUNCT							
<lb/>	lb	XML							
A	a	ADP							
deux	2	DET							
sos	sòu	NOUN							
le	lo	DET							
cahier	caièr	NOUN							
,	,	PUNCT							
à	a	ADP							
deux	2	DET							
sos	sòu	NOUN							
l'	lo	DET							
imprimat	imprimar	VERB							
.	.	PUNCT							
<lb/>	lb	XML							
M'	ieu	PRON							
arrestebi	arrestar	VERB							
tout	tot	ADV							
court	cort	ADJ							
per	per	ADP							
croumpa	crompar	VERB							
aquel	aquel	DET							
oubratge	obratge	NOUN							
,	,	PUNCT							
<lb/>	lb	XML							
M'	ieu	PRON							
en	en	PRON							
bau	anar	VERB							
dins	dins	ADP							
moun	mon	DET							
oustal	ostal	NOUN							
per	per	ADP							
ne	en	PRON							
sabe	saber	VERB							
l'	lo	DET							
usatge	usatge	NOUN							
;	;	PUNCT							
<lb/>	lb	XML							
You	ieu	PRON							
que	qui	PRON							
cresioy	créser	VERB							
legi	legir	VERB							
quiquom	quicòm	PRON							
de	de	ADP							
pla	plan	ADV							
dictat	dictar	VERB							
,	,	PUNCT							
<lb/>	lb	XML							
Que	que	ADV							
fousquebi	èsser	AUX							
surpres	susprendre	VERB							
d'	de	ADP							
au	el	PRON							
beze	véser	VERB							
mal	mal	ADV							
tratat	tractar	NOUN							
!	!	PUNCT							
<lb/>	lb	XML							
Me	ieu	PRON							
diguebi	dire	VERB							
entre	entre	ADP							
you	ieu	PRON							
,	,	PUNCT							
d'	de	ADP							
un	un	DET							
ardou	ardor	NOUN							
mal	mal	ADV							
jouyouso	joiós	ADJ							
,	,	PUNCT							
<lb/>	lb	XML							
Quin	quin	DET							
cahier	caièr	NOUN							
mal	mal	ADV							
conçut	concebre	VERB							
que	qui	PRON							
présento	presentar	VERB							
Toulouso	Tolosa	PROPN							
,	,	PUNCT							
<lb/>	lb	XML							
La	lo	DET							
Bilo	vila	NOUN							
es	èsser	VERB							
un	un	DET							
endret	endrech	ADV							
qu'	qui	PRON							
a	aver	AUX							
fayt	far	VERB							
pla	plan	ADV							
de	de	ADP							
sabens	saber	ADJ							
!	!	PUNCT							
<lb/>	lb	XML							
Qual	caler	VERB							
qu'	que	SCONJ							
aoujen	aver	AUX							
oublidat	oblidar	VERB							
l'	lo	DET							
estile	estil	NOUN							
d'	de	ADP							
ancien	ancien	ADJ							
temps	temps	NOUN							
.	.	PUNCT							
<lb/>	lb	XML							
You	ieu	PRON							
que	qui	PRON							
soun	èsser	VERB							
un	un	DET							
Paysan	paisan	NOUN							
,	,	PUNCT							
d'	de	ADP							
un	un	DET							
pla	plan	ADV							
triste	triste	ADJ							
Bilatge	vilatge	NOUN							
,	,	PUNCT							
<lb/>	lb	XML							
Aurioy	aver	AUX							
millou	melhor	ADV							
rengat	rengar	VERB							
aquel	aquel	DET							
utile	util	ADJ							
oubratge	obratge	NOUN							
;	;	PUNCT							
<lb/>	lb	XML							
Aurioy	aver	AUX							
,	,	PUNCT							
ambe	amb	ADP							
rasou	rason	NOUN							
,	,	PUNCT							
détaillat	detalhar	VERB							
les	lo	DET							
abus	abús	NOUN							
<lb/>	lb	XML							
Et	e	CCONJ							
toutis	tot	DET							
les	lo	DET							
afas	afar	NOUN							
,	,	PUNCT	sans				Et toutis les afas ,	sans	"oufença digus . \"" <lb/>"
oufença	ofençar	VERB							
digus	degus	PRON							
.	.	PUNCT							
<lb/>	lb	XML							
Mestre	mèstre	NOUN							
BOURREL	Borrèl	PROPN							
.	.	PUNCT							
<lb/>	lb	XML							
You	ieu	PRON							
soun	èsser	AUX							
fort	fòrt	ADV							
estourdit	estordir	VERB							
qu'	estordor	VERB							
un	un	DET							
homme	òme	NOUN							
de	de	ADP							
bostr'	vòstre	DET							
âge	atge	NOUN							
,	,	PUNCT							
<lb/>	lb	XML							
Que	qui	PRON							
n'	non	ADV							
a	aver	AUX							
pas	aver	ADP							
estudiat	estudiar	VERB							
,	,	PUNCT							
bolg'	voler	VERB							
abe	aver	VERB							
l'	lo	DET							
abantatge	avantatge	NOUN							
<lb/>	lb	XML							
De	de	ADP							
boule	voler	VERB							
critiqua	critiquar	VERB							
ço	çò	PRON							
que	qui	PRON							
noumbre	nombre	NOUN							
de	de	ADP							
gens	gent	NOUN							
<lb/>	lb	XML							
An	aver	AUX							
tapla	tanplan	ADV							
dirigeat	dirijar	VERB							
,	,	PUNCT							
sans	sans	ADP							
y	i	PRON							
plagne	plànher	VERB							
le	lo	DET							
temps	temps	NOUN							
.	.	PUNCT							
<lb/>	lb	XML							
Capitouls	capítol	NOUN							
,	,	PUNCT							
Aboucats	avocat	NOUN							
,	,	PUNCT							
gens	gent	NOUN							
ples	plen	ADJ							
d'	de	ADP							
expérienços	experiença	NOUN							
,	,	PUNCT							
<lb/>	lb	XML							
Qu'	qui	PRON							
an	aver	AUX							
fayt	far	VERB							
,	,	PUNCT							
à	a	ADP							
l'	lo	DET							
unisson	unisson	NOUN							
,	,	PUNCT							
aquelos	aquel	DET							
douleenços	doleénça	NOUN							
,	,	PUNCT							
<lb/>	lb	XML							
Que	qui	PRON							
s'	el	PRON							
an	aver	AUX							
coupat	copar	VERB							
le	lo	DET							
cap	cap	NOUN							
à	a	ADP							
las	el	PRON							
fa	far	VERB							
coumo	coma	ADP							
qual	caler	VERB							
,	,	PUNCT							
<lb/>	lb	XML							
Boulets	voler	VERB							
qu'	que	SCONJ							
aujen	aver	AUX							
faillit	falhir	VERB							
?	?	PUNCT							
.	.	PUNCT							
.	.	PUNCT							
.	.	PUNCT							
.	.	PUNCT							
.	.	PUNCT							
Anas	anar	VERB							
.	.	PUNCT							
.	.	PUNCT							
.	.	PUNCT							
.	.	PUNCT							
.	.	PUNCT							
.	.	PUNCT							
es	èsser	VERB							
un	un	DET							
brutal	brutal	ADJ							
.	.	PUNCT							
.	.	PUNCT							
.	.	PUNCT							
.	.	PUNCT							
.	.	PUNCT							
.	.	PUNCT							
<lb/>	lb	XML							
<lb/>	lb	XML							
Mestre	mèstre	NOUN							
LABERTAT	Lavertat	PROPN							
.	.	PUNCT							
<lb/>	lb	XML							
ABES	aver	VERB							
tort	tòrt	NOUN							
,	,	PUNCT							
moun	mon	DET							
amic	amic	NOUN							
,	,	PUNCT							
you	ieu	PRON							
bous	vos	PRON							
au	el	PRON							
bau	anar	VERB							
fa	far	VERB							
beze	véser	VERB							
.	.	PUNCT							
<lb/>	lb	XML							
L'	lo	DET							
esprit	esprit	NOUN							
et	e	CCONJ							
la	lo	DET							
rasou	rason	NOUN							
(	(	PUNCT							
garats	garar	VERB							
qu'	que	SCONJ							
au	el	PRON							
poudets	poder	VERB							
creze	créser	VERB							
<lb/>	lb	XML							
Nou	non	ADV							
marchon	marchar	VERB							
pas	pas	ADV							
ensemble	ensemble	ADV							
,	,	PUNCT							
on	òm	PRON							
au	el	PRON							
bey	véser	VERB							
pla	plan	ADV							
souben	sovent	ADV							
;	;	PUNCT							
<lb/>	lb	XML							
Baldrio	valer	VERB							
mai	mai	ADV							
mens	mens	ADV							
d'	de	ADP							
esprit	esprit	NOUN							
,	,	PUNCT							
et	e	CCONJ							
abe	aver	VERB							
mai	mai	ADV							
de	de	ADP							
sen	sens	NOUN							
.	.	PUNCT							
.	.	PUNCT							
.	.	PUNCT							
.	.	PUNCT							
.	.	PUNCT							
.	.	PUNCT							
<lb/>	lb	XML							
Aysiou	aicí	ADV							
donc	donc	ADV							
le	lo	DET							
cahier	caièr	NOUN							
que	qui	PRON							
présento	presentar	VERB							
la	lo	DET							
Bilo	vila	NOUN							
.	.	PUNCT							
<lb/>	lb	XML							
D'	de	ADP							
abord	abòrd	NOUN							
sur	sus	ADP							
cad'	cada	DET							
article	article	NOUN							
,	,	PUNCT							
amb'	amb	ADP							
un	un	DET							
amo	amor	NOUN							
tranquilo	tranquil	ADJ							
,	,	PUNCT							
<lb/>	lb	XML							
En	en	ADP							
goujat	gojat	NOUN							
impartial	imparcial	ADJ							
,	,	PUNCT							
bous	vos	PRON							
bau	anar	VERB							
pla	plan	ADV							
rasouna	rasonar	VERB							
,	,	PUNCT							
<lb/>	lb	XML							
Nou	non	ADV							
m'	ieu	PRON							
interrompes	interrompre	VERB							
pas	pas	ADV							
.	.	PUNCT							
.	.	PUNCT							
.	.	PUNCT							
.	.	PUNCT							
.	.	PUNCT							
.	.	PUNCT							
et	e	CCONJ							
daignets	danher	VERB							
m'	ieu	PRON							
escouta	escotar	VERB							
.	.	PUNCT							
.	.	PUNCT							
.	.	PUNCT							
.	.	PUNCT							
.	.	PUNCT							
.	.	PUNCT							
<lb/>	lb	XML							
<lb/>	lb	XML							
Mestre	mèstre	NOUN							
BOURREL	Borrèl	PROPN							
.	.	PUNCT							
<lb/>	lb	XML							
AYMI	aimar	VERB							
las	lo	DET							
gens	gent	NOUN							
sabens	saber	ADJ							
:	:	PUNCT							
dins	dins	ADP							
aquesto	aqueste	DET							
occurénço	occurença	NOUN							
,	,	PUNCT							
<lb/>	lb	XML							
Ah	ah	INTJ							
!	!	PUNCT							
que	que	ADV							
n'	en	PRON							
aben	aver	VERB							
besoun	besonh	NOUN							
!	!	PUNCT							
l'	lo	DET							
Estat	estat	NOUN							
es	èsser	VERB							
en	en	ADP							
souffrenço	sofrença	NOUN							
.	.	PUNCT							
<lb/>	lb	XML							
LOUIS	Loís	PROPN							
,	,	PUNCT							
nostre	nòstre	DET							
boun	bon	ADJ							
Rev	rei	NOUN							
,	,	PUNCT							
nou	non	ADV							
bol	voler	VERB							
que	que	SCONJ							
le	lo	DET							
bonhur	bonur	NOUN							
<lb/>	lb	XML							
D'	de	ADP							
un	un	DET							
Pople	pòble	NOUN							
pla	plan	ADV							
souben	sovent	ADV							
que	que	SCONJ							
penso	pensar	VERB							
pas	pas	ADV							
sigur	segur	ADV							
.	.	PUNCT							
<lb/>	lb	XML							
LOUIS	Loís	PROPN							
bol	voler	VERB							
nostre	nòstre	DET							
be	ben	NOUN							
,	,	PUNCT							
amay	amai	ADV							
soun	son	DET							
grand	grand	ADJ							
Ministre	ministre	NOUN							
;	;	PUNCT							
<lb/>	lb	XML							
Bolen	voler	VERB							
,	,	PUNCT							
ambe	amb	ADP							
razou	rason	NOUN							
,	,	PUNCT							
cassa	caçar	VERB							
ço	çò	PRON							
de	de	ADP							
sinistre	sinistre	ADJ							
.	.	PUNCT							
<lb/>	lb	XML							
LOUIS	Loís	PROPN							
,	,	PUNCT							
on	òm	PRON							
au	el	PRON							
bey	véser	VERB							
pla	plan	ADV							
,	,	PUNCT							
es	èsser	VERB							
un	un	DET							
second	segond	ADJ							
HENRY	Enric	PROPN							
;	;	PUNCT							
<lb/>	lb	XML							
Et	e	CCONJ							
le	lo	DET							
brabe	brave	ADJ							
NECKER	Necker	PROPN							
es	èsser	VERB							
un	un	DET							
autre	autre	DET							
SULLY	Sully	PROPN							
.	.	PUNCT							
<lb/>	lb	XML							
Aquelis	aquel	DET							
tendres	trendre	ADJ							
cors	còr	NOUN							
bolen	voler	VERB							
ambe	amb	ADP							
justiço	justiça	NOUN							
<lb/>	lb	XML							
Que	que	SCONJ							
le	lo	DET							
paure	paure	ADJ							
Paysan	paisan	NOUN							
mange	manjar	VERB							
un	un	DET							
pauc	pauc	ADV							
de	de	ADP							
salcisso	salcissa	NOUN							
;	;	PUNCT							
<lb/>	lb	XML							
Que	que	SCONJ							
jette	jetar	VERB							
le	lo	DET							
milhas	milhàs	NOUN							
per	per	ADP							
se	el	PRON							
croumpa	crompar	VERB							
de	de	ADP							
pa	pan	NOUN							
,	,	PUNCT							
<lb/>	lb	XML							
El	el	PRON							
sur	sus	ADP							
-	-	PUNCT							
tout	tot	PRON							
,	,	PUNCT							
ô	ò	INTJ							
grand	grand	ADJ							
Diou	Dieu	PROPN							
!	!	PUNCT							
que	qui	PRON							
le	lo	DET							
gagno	ganhar	VERB							
fort	fòrt	ADV							
pla	plan	ADV							
.	.	PUNCT							
<lb/>	lb	XML							
LOUIS	Loís	PROPN							
amai	amai	ADV							
NECKER	Necker	PROPN							
,	,	PUNCT							
bolen	voler	VERB							
apprenne	aprendre	VERB							
al	a+lo	ADP+DET							
Noble	nòble	ADJ							
<lb/>	lb	XML							
A	a	ADP							
trata	tractar	VERB							
coumo	coma	ADP							
qual	caler	VERB							
le	lo	DET							
miserable	miserable	ADJ							
pople	pòble	NOUN							
,	,	PUNCT							
<lb/>	lb	XML							
Que	qui	PRON							
fa	far	VERB							
beni	venir	VERB							
le	lo	DET							
blad	blat	NOUN							
et	e	CCONJ							
que	qui	PRON							
nou’	non	ADV							
n	en	PRON							
mango	manjar	VERB							
pas	pas	ADV							
;	;	PUNCT							
<lb/>	lb	XML							
Lour	el	PRON							
bol	voler	VERB							
apprenne	aprendre	VERB							
ahouey	uèi	ADV							
à	a	ADP							
ne	en	PRON							
fa	far	VERB							
may	mai	ADV							
de	de	ADP							
cas	cas	NOUN							
:	:	PUNCT							
<lb/>	lb	XML							
Bol	voler	VERB							
apprenne	aprendre	VERB							
tabes	tanben	ADV							
à	a	ADP							
l'	lo	DET							
Ecclésiastiquo	Eclesiastica	NOUN							
,	,	PUNCT							
<lb/>	lb	XML							
Que	qui	PRON							
met	metre	VERB							
per	per	ADP							
nous	nos	PRON							
gruga	grugar	VERB							
l'	lo	DET							
impoussible	impossible	ADJ							
en	en	ADP							
pratiquo	pratica	NOUN							
.	.	PUNCT							
<lb/>	lb	XML							
Lour	el	PRON							
bol	voler	VERB							
apprenne	aprendre	VERB							
enfin	enfin	ADV							
,	,	PUNCT							
que	que	SCONJ							
tout	tot	DET							
homme	òme	NOUN							
es	èsser	VERB							
egal	egal	ADJ							
;	;	PUNCT							
<lb/>	lb	XML							
Que	que	SCONJ							
cadun	cadun	PRON							
diou	dever	VERB							
paga	pagar	VERB							
suivant	suivant	ADV							
ço	çò	PRON							
qu'	qui	PRON							
a	aver	VERB							
l'	lo	DET							
houstal	ostal	NOUN							
.	.	PUNCT							
<lb/>	lb	XML							
Aro	ara	ADV							
qu'	que	SCONJ							
ey	aver	AUX							
acabat	acabar	VERB							
ma	mon	DET							
petito	petit	ADJ							
seenço	seança	NOUN							
,	,	PUNCT							
<lb/>	lb	XML							
You	ieu	PRON							
bous	vos	PRON							
bauc	anar	VERB							
escouta	escotar	VERB							
ambe	amb	ADP							
pla	plan	ADV							
de	de	ADP							
patienco	paciénça	NOUN							
.	.	PUNCT							
<lb/>	lb	XML							
Parlats	parlar	VERB							
donc	donc	ADV							
si	se	SCONJ							
bous	vos	PRON							
play	plaire	VERB							
.	.	PUNCT							
.	.	PUNCT							
.	.	PUNCT							
.	.	PUNCT							
.	.	PUNCT							
.	.	PUNCT							
bous	vos	PRON							
abes	aver	VERB							
forso	fòrça	ADV							
esprit	esprit	NOUN							
.	.	PUNCT							
<lb/>	lb	XML							
<lb/>	lb	XML							
Mestre	mèstre	NOUN							
LABERTAT	Lavertat	PROPN							
.	.	PUNCT							
<lb/>	lb	XML							
D'	de	ADP							
ESPRIT	esprit	NOUN							
,	,	PUNCT							
you	ieu	PRON							
nou	non	ADV							
n'	non	PRON							
ey	aver	VERB							
pas	pas	ADV							
,	,	PUNCT							
apey	puèi	ADV							
bous	vos	PRON							
aouey	uèi	ADV							
dit	dire	VERB							
.	.	PUNCT							
<lb/>	lb	XML							
You	ieu	PRON							
n'	non	PRON							
ey	aver	VERB							
pas	pas	ADV							
que	que	SCONJ							
boun	bon	ADJ							
sens	sens	ADP							
et	e	CCONJ							
que	que	SCONJ							
cerbelo	cervèla	NOUN							
bouno	bon	ADJ							
,	,	PUNCT							
<lb/>	lb	XML							
Aquo	aquò	PRON							
soul	sol	ADJ							
bal	valer	VERB							
toujours	totjorn	ADV							
la	lo	DET							
sabento	saber	ADJ							
personno	persona	NOUN							
.	.	PUNCT							
<lb/>	lb	XML							
Bejan	véser	VERB							
,	,	PUNCT							
baou	anar	VERB							
coumença	començar	VERB							
per	per	ADP							
l'	lo	DET							
article	article	NOUN							
prumié	prumièr	ADJ							
:	:	PUNCT							
<lb/>	lb	XML							
Fazes	far	VERB							
y	i	PRON							
pla	plan	ADV							
attentiou	atencion	NOUN							
,	,	PUNCT							
ey	aver	VERB							
aissi	aicí	ADV							
le	lo	DET							
cahier	caièr	NOUN							
,	,	PUNCT							
<lb/>	lb	XML							
Que	qui	PRON							
prégo	pregar	VERB							
nostre	nòstre	DET							
Rey	rei	NOUN							
d'	de	ADP							
abe	aver	VERB							
la	lo	DET							
patienço	paciénça	NOUN							
,	,	PUNCT							
<lb/>	lb	XML							
De	de	ADP							
recebre	recebre	VERB							
del	de+lo	ADP+DET							
Tiers	tièrs	PRON							
,	,	PUNCT							
la	lo	DET							
justo	just	ADJ							
Douléenço	doleénça	NOUN							
;	;	PUNCT							
<lb/>	lb	XML							
Aquel	aquel	DET							
article	article	NOUN							
es	èsser	VERB							
bou	bon	ADJ							
.	.	PUNCT							
.	.	PUNCT							
.	.	PUNCT							
.	.	PUNCT							
tomben	tombar	VERB							
donc	donc	ADV							
al	a+lo	ADP+DET							
second	segond	PRON							
,	,	PUNCT							
<lb/>	lb	XML							
Que	qui	PRON							
prego	pregar	VERB							
les	lo	DET							
Estats	estat	NOUN							
,	,	PUNCT							
dins	dins	ADP							
lour	lor	DET							
sabe	saber	VERB							
profond	profond	ADJ							
,	,	PUNCT							
<lb/>	lb	XML							
De	de	ADP							
fa	far	VERB							
qu'	que	SCONJ							
à	a	ADP							
l'	lo	DET							
abenir	avenir	NOUN							
,	,	PUNCT							
les	lo	DET							
Deputats	deputats	NOUN							
del	de+lo	ADP+DET							
Poble	pòble	NOUN							
,	,	PUNCT							
<lb/>	lb	XML							
Sion	èsser	VERB							
mêmo	mèma	ADV							
quantitat	quantitat	NOUN							
,	,	PUNCT							
que	que	SCONJ							
le	lo	DET							
Clergé	clergé	NOUN							
,	,	PUNCT							
le	lo	DET							
Noble	nòble	ADJ							
,	,	PUNCT							
<lb/>	lb	XML							
Que	qui	PRON							
deliberaran	deliberar	VERB							
,	,	PUNCT							
non	non	ADV							
per	per	ADP							
ordre	òrdre	NOUN							
,	,	PUNCT							
per	per	ADP							
cap	cap	NOUN							
,	,	PUNCT							
<lb/>	lb	XML							
L'	lo	DET							
article	article	NOUN							
es	èsser	VERB							
exelent	excellent	ADJ							
,	,	PUNCT							
es	èsser	VERB							
d'	de	ADP							
un	un	DET							
homme	òme	NOUN							
sensat	sensat	ADJ							
.	.	PUNCT							
<lb/>	lb	XML							
L'	lo	DET							
article	article	NOUN							
tres	3	PRON							
pourtant	portant	ADV							
,	,	PUNCT							
que	qui	PRON							
porto	portar	VERB							
per	per	ADP							
el	el	PRON							
mêmo	mèma	ADJ							
,	,	PUNCT							
<lb/>	lb	XML							
D'	de	ADP							
abouli	abolir	VERB							
per	per	ADP							
toutjours	totjorn	ADV							
aquelo	aquel	DET							
peno	pena	NOUN							
extrêmo	extrèm	ADJ							
<lb/>	lb	XML							
Des	de+lo	ADP+DET							
Lettros	letra	NOUN							
de	de	ADP							
catchet	cachet	NOUN							
,	,	PUNCT							
merito	meritar	VERB							
distinsiou	distincion	NOUN							
,	,	PUNCT							
<lb/>	lb	XML							
Per	per	ADP							
pla	plan	ADV							
lima	limar	VERB							
un	un	DET							
discours	discors	NOUN							
y	i	PRON							
qual	caler	VERB							
fa	far	VERB							
reflexiou	reflexion	NOUN							
,	,	PUNCT							
<lb/>	lb	XML							
Ainsi	ainsi	ADV							
,	,	PUNCT							
qual	caler	VERB							
suiban	suivant	ADV							
you	ieu	PRON							
,	,	PUNCT							
que	que	SCONJ							
nostre	nòstre	DET							
Rey	rei	NOUN							
de	de	ADP							
Franço	França	PROPN							
<lb/>	lb	XML							
Auge	aver	VERB							
la	lo	DET							
facultat	facultat	NOUN							
,	,	PUNCT							
le	lo	DET							
dret	drech	NOUN							
et	e	CCONJ							
la	lo	DET							
puissanço	puissança	NOUN							
<lb/>	lb	XML							
De	de	ADP							
las	el	PRON							
decerna	decernar	VERB							
,	,	PUNCT							
Amic	amic	NOUN							
,	,	PUNCT							
dins	dins	ADP							
de	de	ADP							
certenis	certan	DET							
cas	cas	NOUN							
,	,	PUNCT							
<lb/>	lb	XML							
Et	e	CCONJ							
contro	contra	ADP							
aquelis	aquel	DET							
grands	grand	ADJ							
,	,	PUNCT							
à	a	ADP							
la	lo	DET							
Cour	cor	NOUN							
estaquats	estacar	VERB							
.	.	PUNCT							
<lb/>	lb	XML							
L'	lo	DET							
article	article	NOUN							
quatre	4	PRON							
es	èsser	VERB							
bou	bon	ADJ							
,	,	PUNCT							
ero	èsser	VERB							
belcop	belcòp	ADV							
sinistre	sinistre	ADJ							
,	,	PUNCT							
<lb/>	lb	XML							
D'	de	ADP							
estre	èsser	AUX							
enfermat	enfermar	VERB							
d'	de	ADP							
abord	abòrd	NOUN							
per	per	ADP							
ordre	òrdre	NOUN							
d'	de	ADP							
un	un	DET							
Ministre	ministre	NOUN							
,	,	PUNCT							
<lb/>	lb	XML							
Y	i	PRON							
manquo	mancar	VERB							
soulomen	solament	ADV							
,	,	PUNCT							
de	de	ADP							
prega	pregar	VERB							
nostre	nòstre	DET							
Rey	rei	NOUN							
,	,	PUNCT							
<lb/>	lb	XML							
El	el	PRON							
qu'	qui	PRON							
es	èsser	VERB							
toutjours	totjorn	ADV							
ta	tant	ADV							
brabe	brave	ADJ							
,	,	PUNCT							
et	e	CCONJ							
que	qui	PRON							
toutjours	totjorn	ADV							
nous	nos	PRON							
crey	créser	VERB							
,	,	PUNCT							
<lb/>	lb	XML							
De	de	ADP							
dourbi	dobrir	VERB							
las	lo	DET							
prisous	preson	NOUN							
qu'	qui	PRON							
on	òm	PRON							
apello	apelar	VERB							
royalos	roial	ADJ							
,	,	PUNCT							
<lb/>	lb	XML							
Jamay	jamai	ADV							
on	òm	PRON							
n'	non	ADV							
a	aver	AUX							
pas	pas	ADV							
bist	véser	VERB							
de	de	ADP							
lés	lo	DET							
tant	tant	ADV							
inégalos	inegal	ADJ							
.	.	PUNCT							
<lb/>	lb	XML							
L'	lo	DET							
article	article	NOUN							
cinq	5	PRON							
ba	anar	VERB							
pla	plan	ADV							
,	,	PUNCT							
es	èsser	VERB							
dur	dur	ADJ							
per	per	ADP							
un	un	DET							
Autou	autor	NOUN							
,	,	PUNCT							
<lb/>	lb	XML							
Que	qui	PRON							
fara	far	VERB							
pla	plan	ADV							
souben	sovent	ADV							
un	un	DET							
oubratge	obratge	NOUN							
fort	fòrt	ADV							
bou	bon	ADJ							
,	,	PUNCT							
<lb/>	lb	XML							
Que	qui	PRON							
posquo	poder	VERB							
pas	pas	ADV							
d'	de	ADP							
abord	abòrd	NOUN							
fa	far	VERB							
beze	véser	VERB							
soun	son	DET							
adresso	adressa	NOUN							
,	,	PUNCT							
<lb/>	lb	XML							
Aquo	aquò	PRON							
ba	anar	VERB							
pla	plan	ADV							
tira	tirar	VERB							
d'	de	ADP							
Autous	autor	NOUN							
de	de	ADP							
la	lo	DET							
paresso	paressa	NOUN							
.	.	PUNCT							
<lb/>	lb	XML							
Jamay	jamai	ADV							
l'	lo	DET							
article	article	NOUN							
siés	6	PRON							
,	,	PUNCT							
nou	non	ADV							
pouyra	poder	VERB							
pas	pas	ADV							
passa	passar	VERB							
,	,	PUNCT							
<lb/>	lb	XML							
Le	lo	DET							
Rey	rei	NOUN							
n'	non	ADV							
au	el	PRON							
bouldra	voler	VERB							
pas	pas	ADV							
,	,	PUNCT							
es	èsser	VERB							
un	un	DET							
pauc	pauc	ADV							
l'	lo	DET							
oufença	ofençar	VERB							
:	:	PUNCT							
<lb/>	lb	XML							
Nou	non	ADV							
bouldra	voler	VERB							
pas	pas	ADV							
jamay	jamai	ADV							
dins	dins	ADP							
sa	son	DET							
sagesso	sagessa	NOUN							
extrêmo	extrèm	ADJ							
,	,	PUNCT							
<lb/>	lb	XML							
Permettre	permetre	VERB							
à	a	ADP							
son	son	DET							
sujet	subjècte	NOUN							
de	de	ADP							
s'	el	PRON							
impousa	impausar	VERB							
el	el	PRON							
mêmo	mèma	ADJ							
.	.	PUNCT							
<lb/>	lb	XML							
L'	lo	DET							
article	article	NOUN							
sept	7	PRON							
,	,	PUNCT							
amic	amic	NOUN							
,	,	PUNCT							
es	èsser	AUX							
pla	plan	ADV							
fayt	far	VERB							
,	,	PUNCT							
pla	plan	ADV							
conçut	concebre	VERB							
,	,	PUNCT							
<lb/>	lb	XML							
L'	lo	DET							
impôt	impòt	NOUN							
territorial	territorial	ADJ							
es	èsser	VERB							
juste	just	ADJ							
,	,	PUNCT							
amay	amai	ADV							
diougut	dever	VERB							
.	.	PUNCT							
<lb/>	lb	XML							
L'	lo	DET							
on	òm	PRON							
diou	dever	VERB							
pas	pas	ADV							
suprima	suprimar	VERB							
sur	sus	ADP							
toutis	tot	DET							
les	lo	DET							
Oufficis	ofici	NOUN							
,	,	PUNCT							
<lb/>	lb	XML							
Le	lo	DET							
centiemo	centièma	ADJ							
dinier	denièr	NOUN							
,	,	PUNCT							
aco	aquò	PRON							
fayo	far	VERB							
de	de	ADP							
bicis	vici	NOUN							
,	,	PUNCT							
<lb/>	lb	XML							
Diou	dever	VERB							
toutjours	totjorn	ADV							
subsista	subsistar	VERB							
,	,	PUNCT							
per	per	ADP							
fa	far	VERB							
beze	véser	VERB							
al	a+lo	ADP+DET							
public	public	NOUN							
,	,	PUNCT							
<lb/>	lb	XML							
Qu'	que	SCONJ							
el	el	PRON							
Rey	rei	NOUN							
a	aver	VERB							
soul	sol	ADJ							
le	lo	DET							
dret	drech	NOUN							
(	(	PUNCT							
escouta	escotar	VERB							
mé	ieu	PRON							
l'	lo	DET							
amic	amic	NOUN							
)	)	PUNCT							
<lb/>	lb	XML							
De	de	ADP							
créa	crear	VERB							
d'	de	ADP							
Oufficiers	oficièr	NOUN							
,	,	PUNCT							
qu'	qui	PRON							
exercon	exerçar	VERB							
sa	son	DET							
justiço	justica	NOUN							
.	.	PUNCT							
<lb/>	lb	XML							
L'	lo	DET							
article	article	NOUN							
houeit	8	PRON							
,	,	PUNCT							
tabés	tanben	ADV							
,	,	PUNCT							
nous	nos	PRON							
sayo	èsser	VERB							
pla	plan	ADV							
proupiço	propiç	ADJ							
,	,	PUNCT							
<lb/>	lb	XML							
Més	mas	CCONJ							
ey	aver	VERB							
paou	paur	NOUN							
que	que	SCONJ							
jamay	jamai	ADV							
n'	non	PRON							
y	i	PRON							
pouyrent	poder	VERB							
pas	pas	ADV							
beni	venir	VERB							
.	.	PUNCT							
<lb/>	lb	XML							
L'	lo	DET							
article	article	NOUN							
nau	9	PRON							
es	èsser	VERB							
bou	bon	ADJ							
,	,	PUNCT							
à	a	ADP							
nou	non	ADV							
pas	pas	ADV							
bous	vos	PRON							
mentir	mentir	VERB							
,	,	PUNCT							
<lb/>	lb	XML							
Pes	per+lo	ADP+DET							
doumainos	domena	NOUN							
surtout	sustot	ADV							
,	,	PUNCT							
engatchas	engachar	VERB							
soulomen	solament	ADV							
<lb/>	lb	XML							
Dempey	dempuèi	ADP							
le	lo	DET							
dernier	dernièr	ADJ							
regne	règne	NOUN							
,	,	PUNCT							
et	e	CCONJ							
non	non	ADV							
pas	pas	ADV							
autromen	autrament	ADV							
;	;	PUNCT							
<lb/>	lb	XML							
A	a	ADP							
la	lo	DET							
cargo	carga	NOUN							
pourtant	portant	ADV							
,	,	PUNCT							
suiban	suivant	ADV							
toutos	tot	DET							
las	lo	DET							
listos	lista	NOUN							
,	,	PUNCT							
<lb/>	lb	XML							
De	de	ADP							
paga	pagar	VERB							
exatomen	exactament	ADV							
à	a	ADP							
toutis	tot	DET							
engugistos	engugista	NOUN							
<lb/>	lb	XML							
Las	lo	DET							
améliouratious	amelhoracion	NOUN							
,	,	PUNCT							
et	e	CCONJ							
d'	de	ADP							
aquelo	aquel	DET							
faysou	faiçon	NOUN							
,	,	PUNCT							
<lb/>	lb	XML							
Aquel	aquel	DET							
article	article	NOUN							
,	,	PUNCT							
amic	amic	NOUN							
,	,	PUNCT							
se	el	PRON							
troubayou	trobar	VERB							
pla	plan	ADV							
bou	bon	ADJ							
.	.	PUNCT							
<lb/>	lb	XML							
L'	lo	DET							
article	article	NOUN							
dex	2	PRON							
es	èsser	VERB							
fort	fòrt	ADJ							
,	,	PUNCT							
qual	caler	VERB							
estre	èsser	VERB							
pauc	pauc	ADV							
habille	abil	ADJ							
,	,	PUNCT							
<lb/>	lb	XML							
De	de	ADP							
pensa	pensar	VERB							
que	que	SCONJ							
le	lo	DET							
Rey	rei	NOUN							
qu'	qui	PRON							
es	èsser	VERB							
ta	tant	ADV							
brabe	brave	ADJ							
et	e	CCONJ							
tranquille	tranquil	NOUN							
,	,	PUNCT							
<lb/>	lb	XML							
Boulguesso	voler	VERB							
supporta	suportar	VERB							
,	,	PUNCT							
que	que	SCONJ							
sous	son	DET							
simples	simple	ADJ							
sujets	subjècte	NOUN							
,	,	PUNCT							
<lb/>	lb	XML							
Qu'	qui	PRON							
an	aver	AUX							
fayt	far	VERB							
toutjours	totjorn	ADV							
per	per	ADP							
el	el	PRON							
les	lo	DET							
plus	pus	ADV							
belis	bèl	ADJ							
proujets	projècte	NOUN							
,	,	PUNCT							
<lb/>	lb	XML							
L'	el	PRON							
anguesson	anar	VERB							
pentiouna	pensionar	VERB							
.	.	PUNCT							
.	.	PUNCT							
.	.	PUNCT							
.	.	PUNCT							
l'	lo	DET							
article	article	NOUN							
es	èsser	VERB							
incrouyable	incroiable	ADJ							
,	,	PUNCT							
<lb/>	lb	XML							
Aquel	aquel	PRON							
que	qui	PRON							
l'	el	PRON							
a	aver	AUX							
concut	concebre	VERB							
,	,	PUNCT							
es	èsser	VERB							
piri	piri	ADV							
que	que	SCONJ							
le	lo	DET							
diable	diable	NOUN							
.	.	PUNCT							
<lb/>	lb	XML							
Bourrel	Borrèl	PROPN							
,	,	PUNCT							
l'	lo	DET							
article	article	NOUN							
onze	11	PRON							
es	èsser	VERB							
impoussible	impossible	ADJ							
à	a	ADP							
fa	far	VERB							
,	,	PUNCT							
<lb/>	lb	XML							
On	òm	PRON							
nou	non	ADV							
pouyra	poder	VERB							
jamay	jamai	ADV							
determina	determinar	VERB							
,	,	PUNCT							
fixa	fixar	VERB							
,	,	PUNCT							
<lb/>	lb	XML							
Tant	tant	ADV							
de	de	ADP							
departomens	departament	NOUN							
,	,	PUNCT							
que	qui	PRON							
fan	far	VERB							
tant	tant	ADV							
de	de	ADP							
despenco	despencar	VERB							
<lb/>	lb	XML							
Forto	fòrt	ADJ							
;	;	PUNCT							
qui	qui	PRON							
plus	pus	ADV							
,	,	PUNCT							
qui	qui	PRON							
mens	mens	ADV							
.	.	PUNCT							
.	.	PUNCT							
.	.	PUNCT							
.	.	PUNCT							
suibant	suivant	ADV							
la	lo	DET							
circonstenço	circonstença	NOUN							
,	,	PUNCT							
<lb/>	lb	XML							
N'	non	ADV							
ajex	aver	VERB							
poou	paur	NOUN							
que	que	SCONJ							
jamay	jamai	ADV							
aco	aquò	PRON							
posquo	poder	VERB							
ariba	arribar	VERB							
.	.	PUNCT							
<lb/>	lb	XML							
L'	lo	DET							
article	article	NOUN							
doutze	12	PRON							
es	èsser	VERB							
bou	bon	ADJ							
,	,	PUNCT							
mes	mas	ADV							
poudion	poder	VERB							
ajousta	ajostar	VERB							
,	,	PUNCT							
<lb/>	lb	XML							
Que	que	SCONJ							
la	lo	DET							
soulo	sol	ADJ							
Natiou	nacion	NOUN							
noumayo	nommar	VERB							
sous	son	DET							
Ministres	ministre	NOUN							
,	,	PUNCT							
<lb/>	lb	XML							
Qu'	que	SCONJ							
elo	el	PRON							
beyrio	véser	VERB							
cad'	cada	DET							
an	aver	VERB							
,	,	PUNCT							
lours	lor	DET							
comptes	compte	NOUN							
,	,	PUNCT							
lours	lor	DET							
registres	registre	NOUN							
.	.	PUNCT							
<lb/>	lb	XML							
L'	lo	DET							
article	article	NOUN							
tretze	13	PRON							
es	èsser	VERB							
bou	bon	ADJ							
,	,	PUNCT							
et	e	CCONJ							
fayt	far	VERB							
ambe	amb	ADP							
de	de	ADP							
sen	sens	NOUN							
,	,	PUNCT							
<lb/>	lb	XML							
Y	i	PRON							
cal	caler	VERB							
la	lo	DET							
conditiou	condicion	NOUN							
d'	de	ADP							
aquel	aquel	PRON							
qu'	qui	PRON							
és	èsser	VERB							
precedent	precedar	VERB							
.	.	PUNCT							
<lb/>	lb	XML							
Le	lo	DET							
quatorzieme	quatorsième	ADJ							
article	article	NOUN							
,	,	PUNCT							
ainsi	ainsi	ADV							
que	que	SCONJ							
le	lo	DET							
sixiemo	sisièm	PRON							
,	,	PUNCT							
<lb/>	lb	XML							
Se	el	PRON							
trobo	trobar	VERB							
un	un	DET							
double	doble	ADJ							
emploi	emploi	NOUN							
,	,	PUNCT							
bous	vos	PRON							
au	el	PRON							
beyrets	véser	VERB							
de	de	ADP							
mêmo	mèma	ADV							
,	,	PUNCT							
<lb/>	lb	XML							
Des	de+lo	ADP+DET							
qu'	que	SCONJ							
on	òm	PRON							
admet	admetre	VERB							
d'	de	ADP							
abord	abòrd	NOUN							
,	,	PUNCT							
que	que	SCONJ							
la	lo	DET							
Natiou	nacion	NOUN							
a	aver	VERB							
dret	drech	NOUN							
<lb/>	lb	XML							
D'	de	ADP							
accourda	accordar	VERB							
tout	tot	DET							
impôt	impòt	NOUN							
,	,	PUNCT							
semblo	semblar	VERB							
,	,	PUNCT							
Mestre	mèstre	NOUN							
Bourrel	Borrèl	PROPN							
,	,	PUNCT							
<lb/>	lb	XML							
Que	que	SCONJ							
les	lo	DET							
Edits	edit	NOUN							
bursals	bursal	ADJ							
,	,	PUNCT							
nou	non	ADV							
pouyran	poder	VERB							
de	de	ADP							
la	lo	DET							
bido	vida	NOUN							
<lb/>	lb	XML							
S'	el	PRON							
executa	excutar	VERB							
jamay	jamai	ADV							
,	,	PUNCT							
et	e	CCONJ							
le	lo	DET							
bon	bon	ADJ							
sens	sens	ADP							
au	el	PRON							
guido	guida	NOUN							
,	,	PUNCT							
<lb/>	lb	XML							
Sans	sans	ADP							
abe	aver	VERB							
,	,	PUNCT							
suivant	suivant	ADV							
you	ieu	PRON							
,	,	PUNCT							
son	son	DET							
soul	sol	ADJ							
consentomen	consentament	NOUN							
?	?	PUNCT							
<lb/>	lb	XML							
Nou	non	ADV							
caldrio	caler	VERB							
pas	pas	ADV							
tabes	tanben	ADV							
d'	de	ADP							
autre	autre	DET							
enregistromen	enregistrament	NOUN							
,	,	PUNCT							
<lb/>	lb	XML							
Qu'	que	SCONJ							
aquel	aquel	PRON							
fayt	far	VERB							
pes	per+lo	ADP+DET							
Estats	estat	NOUN							
,	,	PUNCT							
que	qui	PRON							
ban	anar	VERB							
estre	èsser	VERB							
Versaillo	Versalhas	PROPN							
,	,	PUNCT							
<lb/>	lb	XML							
Autroment	autrament	ADV							
.	.	PUNCT							
mon	mon	DET							
amic	amic	NOUN							
,	,	PUNCT							
saran	èsser	VERB							
pas	pas	ADV							
res	res	PRON							
que	que	SCONJ							
vaillo	valer	VERB							
.	.	PUNCT							
<lb/>	lb	XML							
L'	lo	DET							
article	article	NOUN							
quinze	15	PRON							
es	èsser	VERB							
bou	bon	ADJ							
,	,	PUNCT							
à	a	ADP							
mai	mai	ADV							
le	lo	DET							
qu'	qui	PRON							
es	èsser	VERB							
suivant	suivant	ADV							
.	.	PUNCT							
<lb/>	lb	XML							
L'	lo	DET							
article	article	NOUN							
dex	2	PRON							
et	e	CCONJ							
sept	9	PRON							
n'	non	PRON							
es	èsser	VERB							
pas	pas	ADV							
briquo	brica	ADV							
mechant	mechant	ADJ							
,	,	PUNCT							
<lb/>	lb	XML							
Dins	dins	ADP							
un	un	DET							
siecle	siècle	NOUN							
esclayrat	esclairar	VERB							
,	,	PUNCT							
n'	non	PRON							
es	èsser	VERB							
pas	pas	ADV							
une	un	DET							
injustico	injustiça	NOUN							
<lb/>	lb	XML							
De	de	ADP							
beze	véser	VERB							
un	un	DET							
Gazailla	Gasalhà	PROPN							
toumba	tombar	VERB							
dins	dins	ADP							
la	lo	DET							
Miliço	miliça	NOUN							
?	?	PUNCT							
<lb/>	lb	XML							
Pel	per+lo	ADP+DET							
serbici	servici	NOUN							
del	de+lo	ADP+DET							
Rey	rei	NOUN							
,	,	PUNCT							
souben	sovent	ADV							
abandouna	abandonar	VERB							
<lb/>	lb	XML							
Uno	un	DET							
mayre	maire	NOUN							
malauto	malaut	ADJ							
,	,	PUNCT							
et	e	CCONJ							
un	un	DET							
payre	paire	NOUN							
sans	sans	ADP							
pa	pan	NOUN							
?	?	PUNCT							
<lb/>	lb	XML							
Les	lo	DET							
Seignous	senhor	NOUN							
qu'	qui	PRON							
an	aver	VERB							
d'	de	ADP							
argent	argent	NOUN							
,	,	PUNCT							
et	e	CCONJ							
l'	lo	DET							
Ecclesiastiquo	Eclesiastica	NOUN							
,	,	PUNCT							
<lb/>	lb	XML							
Diurion	dire	ADJ							
croumpa	crompar	VERB							
de	de	ADP							
gens	gent	NOUN							
,	,	PUNCT							
faytis	far	VERB							
pr'	per	ADP							
aquelo	aquel	DET							
cliquo	clica	NOUN							
;	;	PUNCT							
<lb/>	lb	XML							
Croumpa	crompar	VERB							
millo	1000	DET							
fegnans	fenhant	NOUN							
,	,	PUNCT							
que	qui	PRON							
rodon	rodar	VERB							
les	lo	DET							
caffés	cafè	NOUN							
,	,	PUNCT							
<lb/>	lb	XML							
Et	e	CCONJ							
que	qui	PRON							
se	el	PRON							
fan	far	VERB							
boulurs	volur	NOUN							
per	per	ADP							
abe	aver	VERB							
de	de	ADP							
dignés	dinèr	NOUN							
.	.	PUNCT							
<lb/>	lb	XML							
L'	lo	DET							
article	article	NOUN							
dex	2	PRON							
et	e	CCONJ							
houeit	8	PRON							
,	,	PUNCT							
et	e	CCONJ							
le	lo	DET							
dex	2	PRON							
et	e	CCONJ							
naouyeme	nauièm	ADJ							
,	,	PUNCT							
<lb/>	lb	XML							
Le	lo	DET							
bint	20	PRON							
et	e	CCONJ							
bint	20	PRON							
-	-	PUNCT							
un	1	PRON							
,	,	PUNCT							
et	e	CCONJ							
le	lo	DET							
bint	20	PRON							
et	e	CCONJ							
duziemo	dusièm	ADJ							
,	,	PUNCT							
<lb/>	lb	XML							
Se	el	PRON							
trobon	trobar	VERB							
exelents	excellent	ADJ							
,	,	PUNCT							
n'	non	PRON							
ey	aver	VERB							
pas	pas	ADV							
à	a	ADP							
critiqua	critiquar	VERB							
.	.	PUNCT							
<lb/>	lb	XML							
L'	lo	DET							
article	article	NOUN							
bint	20	PRON							
et	e	CCONJ							
tres	3	PRON							
,	,	PUNCT							
on	òm	PRON							
n'	non	PRON							
y	i	PRON							
pot	poder	VERB							
pas	pas	ADV							
touqua	tocar	VERB							
,	,	PUNCT							
<lb/>	lb	XML							
Malgré	malgré	ADV							
les	lo	DET							
Capelas	capelan	NOUN							
,	,	PUNCT							
qu'	qui	PRON							
an	aver	VERB							
souben	sovent	ADV							
l'	lo	DET							
amo	amor	NOUN							
duro	dur	ADJ							
,	,	PUNCT							
<lb/>	lb	XML							
Aquo’	aquò	PRON							
s	èsser	VERB							
le	lo	DET							
soul	sol	ADJ							
mouyen	moien	NOUN							
d'	de	ADP							
aneanti	aneantir	VERB							
l'	lo	DET							
usuro	usura	NOUN							
.	.	PUNCT							
<lb/>	lb	XML							
Qu'	que	SCONJ							
aco	aquò	PRON							
n'	non	PRON							
es	èsser	VERB							
pas	pas	ADV							
pla	plan	ADV							
bel	bèl	ADJ							
de	de	ADP							
presta	prestar	VERB							
son	son	DET							
argent	argent	NOUN							
<lb/>	lb	XML							
A	a	ADP							
l'	lo	DET							
homme	òme	NOUN							
de	de	ADP							
mestié	mestièr	NOUN							
que	qui	PRON							
se	el	PRON							
trobo	trobar	VERB							
indigent	indigent	ADJ							
<lb/>	lb	XML							
Moyennant	moienar	VERB							
cinq	5	PRON							
per	per	ADP							
cent	100	PRON							
?	?	PUNCT							
.	.	PUNCT							
.	.	PUNCT							
.	.	PUNCT							
L'	lo	DET							
article	article	NOUN							
es	èsser	VERB							
admirable	admirable	ADJ							
,	,	PUNCT							
<lb/>	lb	XML							
Nostre	nòstre	DET							
Rey	rei	NOUN							
le	lo	DET							
boudra	vodre	VERB							
,	,	PUNCT							
es	èsser	VERB							
juste	just	ADJ							
et	e	CCONJ							
desirable	desirable	ADJ							
.	.	PUNCT							
<lb/>	lb	XML							
L'	lo	DET							
article	article	NOUN							
bint	20	PRON							
et	e	CCONJ							
quatre	4	PRON							
es	èsser	AUX							
pla	plan	ADV							
fayt	far	VERB							
,	,	PUNCT							
pla	plan	ADV							
rengat	rengar	VERB							
;	;	PUNCT							
<lb/>	lb	XML							
Mes	mas	CCONJ							
l'	lo	DET							
Autou	autor	NOUN							
cependant	cependant	ADV							
s'	el	PRON							
es	èsser	AUX							
un	un	DET							
briquou	bricon	NOUN							
trompat	trompar	VERB							
.	.	PUNCT							
<lb/>	lb	XML							
Bourrel	Borrèl	PROPN							
,	,	PUNCT							
t'	tu	PRON							
au	el	PRON							
bau	anar	VERB							
prouba	probar	VERB							
,	,	PUNCT							
escouto	escotar	VERB							
-	-	PUNCT							
me	ieu	PRON							
,	,	PUNCT							
te	tu	PRON							
pregui	pregar	PRON							
.	.	PUNCT							
<lb/>	lb	XML							
<lb/>	lb	XML							
Mestre	mèstre	NOUN							
BOURREL	Borrèl	PROPN							
.	.	PUNCT							
<lb/>	lb	XML							
Tu	tu	PRON							
parlos	parlar	VERB							
coumo	coma	ADP							
qual	caler	VERB							
,	,	PUNCT							
you	ieu	PRON							
te	tu	PRON							
trobi	trobar	VERB							
sinceri	sincèr	ADJ							
;	;	PUNCT							
<lb/>	lb	XML							
Cujas	Cujàs	PROPN							
et	e	CCONJ							
Montesquieu	Montesqieu	PROPN							
,	,	PUNCT							
qu'	qui	PRON							
eron	èsser	VERB							
d'	de	ADP							
hommes	òme	NOUN							
sabens	saber	ADJ							
,	,	PUNCT							
<lb/>	lb	XML							
Et	e	CCONJ							
qu'	qui	PRON							
ey	aver	AUX							
,	,	PUNCT							
dins	dins	ADP							
mon	mon	DET							
jardin	jardin	NOUN							
,	,	PUNCT							
estudiat	estudiar	VERB							
pla	plan	ADV							
long	long	ADJ							
-	-	PUNCT							
temps	temps	NOUN							
,	,	PUNCT							
<lb/>	lb	XML							
M'	ieu	PRON							
an	aver	AUX							
pas	pas	ADV							
tant	tant	ADV							
penetrat	penetrar	VERB							
coumo	coma	ADP							
ço	çò	PRON							
que	qui	PRON							
m'	ieu	PRON							
enseignos	ensenhar	VERB							
.	.	PUNCT							
<lb/>	lb	XML							
Esperi	esperar	VERB							
,	,	PUNCT							
mon	mon	DET							
amic	amic	NOUN							
,	,	PUNCT							
que	que	SCONJ							
quand	quand	SCONJ							
saren	èsser	VERB							
à	a	ADP							
breignos	verenha	NOUN							
.	.	PUNCT							
<lb/>	lb	XML							
Me	ieu	PRON							
faras	far	VERB							
le	lo	DET							
plaze	plaser	NOUN							
de	de	ADP							
beni	venir	VERB							
à	a	ADP							
Pechabou	Pechabon	PROPN							
,	,	PUNCT							
<lb/>	lb	XML							
Manjaren	manjarna	VERB							
un	un	DET							
gros	gròs	ADJ							
piot	piòt	NOUN							
,	,	PUNCT							
et	e	CCONJ							
beuren	beure	VERB							
de	de	ADP							
bi	vin	NOUN							
bou	bon	ADJ							
.	.	PUNCT							
<lb/>	lb	XML							
<lb/>	lb	XML							
Mestre	mèstre	NOUN							
LABERTAT	Lavertat	PROPN							
.	.	PUNCT							
<lb/>	lb	XML							
Tou	tot	PRON							
nou	non	ADV							
refusi	refusar	VERB							
pas	pas	ADV							
uno	un	DET							
pareillo	parelh	ADJ							
cauzo	causa	NOUN							
,	,	PUNCT							
<lb/>	lb	XML							
Aymi	aimar	ADV							
le	lo	DET							
bi	vin	NOUN							
,	,	PUNCT							
surtout	sustot	ADV							
quand	quand	SCONJ							
es	èsser	VERB							
clar	clar	ADJ							
et	e	CCONJ							
sans	sans	ADP							
rauzo	rausa	NOUN							
.	.	PUNCT							
<lb/>	lb	XML							
Mes	mas	CCONJ							
layssen	laissar	ADJ							
tout	tot	ADV							
aquo	aquò	PRON							
,	,	PUNCT							
.	.	PUNCT							
.	.	PUNCT							
.	.	PUNCT							
.	.	PUNCT							
aujen	aver	VERB							
un	un	DET							
pauc	pauc	ADV							
de	de	ADP							
sen	sens	NOUN							
,	,	PUNCT							
<lb/>	lb	XML							
Ey	aver	VERB							
mon	mon	DET							
esprit	esprit	NOUN							
tendu	tendre	VERB							
sur	sus	ADP							
l'	lo	DET							
article	article	NOUN							
presen	present	ADJ							
.	.	PUNCT							
<lb/>	lb	XML							
Laysso	laissar	PRON							
-	-	PUNCT							
me	ieu	PRON							
,	,	PUNCT							
se	se	SCONJ							
te	tu	PRON							
play	plaire	VERB							
,	,	PUNCT							
continua	continuar	VERB							
mon	mon	DET							
rolle	ròtle	NOUN							
.	.	PUNCT							
<lb/>	lb	XML							
Le	lo	DET							
dret	drech	NOUN							
d'	de	ADP							
insinua	insinuar	VERB							
,	,	PUNCT							
memo	mèma	ADV							
le	lo	DET							
contorolle	contraròtle	NOUN							
,	,	PUNCT							
<lb/>	lb	XML							
Suiban	suivant	ADV							
las	lo	DET							
gens	gent	NOUN							
sabens	saber	ADJ							
,	,	PUNCT							
nou	non	ADV							
fa	far	VERB							
pas	pas	ADV							
qu'	que	SCONJ							
arresta	arrestar	VERB							
<lb/>	lb	XML							
La	lo	DET							
datto	data	NOUN							
des	de+lo	ADP+DET							
contrats	contrat	NOUN							
que	qui	PRON							
l'	lo	DET							
on	òm	PRON							
ben	venir	VERB							
de	de	ADP							
passa	passar	VERB							
.	.	PUNCT							
<lb/>	lb	XML							
Aquo	aquò	PRON							
nou	non	ADV							
paro	parar	VERB							
pas	pas	ADV							
à	a	ADP							
lour	lor	DET							
perto	pèrta	NOUN							
futuro	futur	ADJ							
,	,	PUNCT							
<lb/>	lb	XML							
Au	el	PRON							
cal	caler	VERB							
donc	donc	ADV							
abouli	abolir	VERB							
,	,	PUNCT							
sans	sans	ADP							
crento	centra	NOUN							
,	,	PUNCT							
sans	sans	ADP							
mezuro	mesura	NOUN							
.	.	PUNCT							
<lb/>	lb	XML							
Per	per	ADP							
arresta	arrestar	VERB							
le	lo	DET							
tort	tòrt	NOUN							
qu'	qui	PRON							
un	un	DET							
Noutari	notari	NOUN							
pot	poder	VERB							
fa	far	VERB							
<lb/>	lb	XML							
Sur	sus	ADP							
la	lo	DET							
datto	data	NOUN							
surtout	sustot	ADV							
,	,	PUNCT							
qu'	que	SCONJ							
el	el	PRON							
soul	sol	ADJ							
pot	poder	VERB							
pla	plan	ADV							
refa	refar	VERB							
,	,	PUNCT							
<lb/>	lb	XML							
Sul	sus+lo	ADP+DET							
cambiomen	cambiament	NOUN							
tabes	tanben	ADV							
que	qui	PRON							
pot	poder	VERB							
fa	far	VERB							
dins	dins	ADP							
les	lo	DET							
actes	acte	NOUN							
,	,	PUNCT							
<lb/>	lb	XML							
Et	e	CCONJ							
que	qui	PRON							
pot	poder	VERB							
altera	alterar	VERB							
la	lo	DET							
conbentiou	convecion	NOUN							
,	,	PUNCT							
les	lo	DET							
pactes	pacte	NOUN							
;	;	PUNCT							
<lb/>	lb	XML							
Le	lo	DET							
cal	caler	VERB							
assujetti	assujetir	VERB							
,	,	PUNCT							
quand	quand	SCONJ							
quirdayo	quirdar	VERB							
à	a	ADP							
cric	cric	NOUN							
,	,	PUNCT							
<lb/>	lb	XML							
A	a	ADP							
remettre	remetre	VERB							
d'	de	ADP							
abord	abòrd	NOUN							
,	,	PUNCT							
dins	dins	ADP							
un	un	DET							
depot	depòt	NOUN							
public	public	ADJ							
,	,	PUNCT							
<lb/>	lb	XML							
Coupio	copia	NOUN							
des	de+lo	ADP+DET							
contrats	contrat	NOUN							
,	,	PUNCT							
et	e	CCONJ							
la	lo	DET							
cauzo	causa	NOUN							
es	èsser	VERB							
facilo	facil	ADJ							
:	:	PUNCT							
<lb/>	lb	XML							
Un	un	DET							
depot	depòt	NOUN							
sayo	èsser	AUX							
fayt	far	VERB							
d'	de	ADP							
abord	abòrd	NOUN							
dins	dins	ADP							
cado	cada	DET							
bilo	vila	NOUN							
,	,	PUNCT							
<lb/>	lb	XML							
Afin	afin	ADV							
qu'	que	SCONJ							
el	el	PRON							
Tabellion	tabelion	NOUN							
pourtesso	portar	VERB							
,	,	PUNCT							
sans	sans	ADP							
manqua	mancar	VERB							
,	,	PUNCT							
<lb/>	lb	XML							
Un	un	DET							
double	doble	NOUN							
des	de+lo	ADP+DET							
contrats	contrat	NOUN							
que	qui	PRON							
bendrio	venir	VERB							
de	de	ADP							
passa	passar	VERB							
,	,	PUNCT							
<lb/>	lb	XML							
Dins	dins	ADP							
la	lo	DET							
quinzeno	quinzena	NOUN							
au	a+lo	ADP+DET							
mens	mens	NOUN							
,	,	PUNCT							
à	a	ADP							
compta	comptar	VERB							
de	de	ADP							
lour	lor	DET							
datto	data	NOUN							
,	,	PUNCT							
<lb/>	lb	XML							
En	en	ADP							
pagan	pagar	VERB							
cependant	cependant	ADV							
,	,	PUNCT							
la	lo	DET							
cauzo	causa	NOUN							
es	èsser	VERB							
pas	pas	ADV							
ingrato	ingrat	ADJ							
,	,	PUNCT							
<lb/>	lb	XML							
Un	un	DET							
simple	simple	ADJ							
dret	drech	NOUN							
al	a+lo	ADP+DET							
Rey	rei	NOUN							
,	,	PUNCT							
que	qui	PRON							
l'	lo	DET							
on	òm	PRON							
fayo	far	VERB							
fixa	fixar	VERB							
<lb/>	lb	XML							
As	a+lo	ADP+DET							
Estats	estat	NOUN							
-	-	PUNCT							
Generals	general	ADJ							
,	,	PUNCT							
per	per	ADP							
toutjour	totjorn	ADV							
au	el	PRON							
laissa	laissar	VERB							
.	.	PUNCT							
<lb/>	lb	XML							
Pr'	per	ADP							
aquel	aquel	DET							
mouyen	moien	NOUN							
,	,	PUNCT							
Bourrel	Borrèl	PROPN							
,	,	PUNCT							
la	lo	DET							
datto	data	NOUN							
de	de	ADP							
nos	nòstre	DET							
actes	acte	NOUN							
<lb/>	lb	XML							
Se	el	PRON							
troubayo	trobar	VERB							
arrestado	arrestar	VERB							
,	,	PUNCT							
.	.	PUNCT							
.	.	PUNCT							
.	.	PUNCT							
.	.	PUNCT							
a	a	ADP							
may	mai	ADV							
memo	mèma	ADV							
les	lo	DET							
pactes	pacte	NOUN							
<lb/>	lb	XML							
Nou	non	ADV							
pourion	poder	VERB							
pas	pas	ADV							
jamay	jamai	ADV							
au	a+lo	ADP+DET							
mens	mens	NOUN							
estre	èsser	AUX							
alterats	alterar	VERB							
,	,	PUNCT							
<lb/>	lb	XML							
A	a	ADP							
may	mai	ADV							
,	,	PUNCT							
en	en	ADP							
cas	cas	NOUN							
de	de	ADP							
perto	pèrta	NOUN							
,	,	PUNCT							
ou	o	CCONJ							
d'	de	ADP							
estre	èsser	AUX							
incendiats	incendiar	VERB							
,	,	PUNCT							
<lb/>	lb	XML							
Las	lo	DET							
partidos	partir	VERB							
toutjour	totjorn	ADV							
aurion	aver	VERB							
doublo	doble	ADJ							
ressourço	ressorça	NOUN							
,	,	PUNCT							
<lb/>	lb	XML							
Pouyrion	poirir	VERB							
,	,	PUNCT							
sans	sans	ADP							
creigne	crénher	VERB							
res	res	PRON							
,	,	PUNCT							
trouba	trobar	VERB							
l'	lo	DET							
acte	acte	NOUN							
à	a	ADP							
la	lo	DET							
sourço	sorça	NOUN							
,	,	PUNCT							
<lb/>	lb	XML							
Ou	o	CCONJ							
ches	chès	ADP							
le	lo	DET							
que	qui	PRON							
l'	el	PRON							
a	aver	AUX							
fayt	far	VERB							
,	,	PUNCT							
on	òm	PRON							
s'	el	PRON							
on	òm	PRON							
bol	voler	VERB							
al	a+lo	ADP+DET							
dépot	depòt	NOUN							
,	,	PUNCT							
<lb/>	lb	XML							
Et	e	CCONJ							
pr'	per	ADP							
aquel	aquel	DET							
soul	sol	ADJ							
mouyen	moien	NOUN							
,	,	PUNCT							
digus	degus	PRON							
nou	non	ADV							
dira	dire	VERB							
mot	mot	NOUN							
.	.	PUNCT							
<lb/>	lb	XML							
Ey	aver	AUX							
puizat	puisar	VERB							
aquel	aquel	DET							
plan	plan	ADV							
,	,	PUNCT							
qu'	qui	PRON							
es	èsser	VERB							
ta	tant	ADV							
pla	plan	ADV							
necessari	necessari	ADJ							
,	,	PUNCT							
<lb/>	lb	XML							
D'	de	ADP							
un	un	DET							
proujet	projècte	NOUN							
qu'	qui	PRON							
a	aver	AUX							
fourmat	formar	VERB							
un	un	DET							
excelent	excellent	ADJ							
Noutari	notari	NOUN							
<lb/>	lb	XML							
Qu'	qui	PRON							
habito	abitar	VERB							
dins	dins	ADP							
Toulouzo	Tolosa	PROPN							
,	,	PUNCT							
et	e	CCONJ							
que	qui	PRON							
couneisses	conéisser	VERB							
pla	plan	ADV							
;	;	PUNCT							
<lb/>	lb	XML							
Mes	mas	CCONJ							
cependant	cependant	ADV							
,	,	PUNCT							
Bourrel	Borrèl	PROPN							
,	,	PUNCT							
le	lo	DET							
boli	voler	VERB							
pas	pas	ADV							
nomma	nommar	VERB							
.	.	PUNCT							
<lb/>	lb	XML							
Aquel	aquel	DET							
homme	òme	NOUN							
prudent	prudent	ADJ							
,	,	PUNCT							
qu'	qui	PRON							
a	aver	VERB							
l'	lo	DET							
amo	amor	NOUN							
pla	plan	ADV							
plaçado	plaçar	VERB							
,	,	PUNCT							
<lb/>	lb	XML							
Emboyec	envoiar	VERB							
soun	son	DET							
proujet	projècte	NOUN							
,	,	PUNCT							
y	i	PRON							
a	aver	VERB							
d'	de	ADP							
aquo	aquò	PRON							
qualqu’	calque	DET							
annado	annada	NOUN							
,	,	PUNCT							
<lb/>	lb	XML							
Dret	drech	NOUN							
al	a+lo	ADP+DET							
Gouvernomen	governament	NOUN							
,	,	PUNCT							
que	qui	PRON							
ne	en	PRON							
fasquec	far	VERB							
pla	plan	ADV							
cas	cas	NOUN							
;	;	PUNCT							
<lb/>	lb	XML							
Soun	son	DET							
plan	plan	ADV							
aurio	aver	AUX							
passat	passar	VERB							
,	,	PUNCT							
sans	sans	ADP							
toutis	tot	DET							
les	lo	DET							
affas	afar	NOUN							
<lb/>	lb	XML							
Que	qui	PRON							
bengueben	venir	VERB							
per	per	ADP							
lors	lòr	ADV							
de	de	ADP							
may	mai	ADV							
en	en	ADP							
may	mai	ADV							
sinistres	sinistre	ADJ							
,	,	PUNCT							
<lb/>	lb	XML							
Et	e	CCONJ							
sans	sans	ADP							
le	lo	DET							
cambiomen	cambiament	NOUN							
de	de	ADP							
toutis	tot	DET							
les	lo	DET							
Ministres	ministre	NOUN							
.	.	PUNCT							
<lb/>	lb	XML							
L'	lo	DET							
article	article	NOUN							
bint	20	PRON							
et	e	CCONJ							
cinq	5	PRON							
es	èsser	AUX							
pla	plan	ADV							
mal	mal	ADV							
entendut	entendre	VERB							
,	,	PUNCT							
<lb/>	lb	XML							
Te	tu	PRON							
bauc	anar	VERB							
fa	far	VERB							
beze	véser	VERB							
,	,	PUNCT							
amic	amic	NOUN							
,	,	PUNCT							
coussi	cossí	ADV							
l'	el	PRON							
an	aver	AUX							
concebut	concebre	VERB							
.	.	PUNCT							
<lb/>	lb	XML							
Presto	prestar	VERB							
pla	plan	ADV							
ton	ton	DET							
aureillo	aurelha	NOUN							
,	,	PUNCT							
ayssieu	aicí	ADV							
es	èsser	VERB							
necessari	necessari	ADJ							
<lb/>	lb	XML							
Pr'	per	ADP							
aquel	aquel	PRON							
;	;	PUNCT							
aquo’	aquò	PRON							
s	èsser	VERB							
permettre	permetre	VERB							
à	a	ADP							
Moussu	monsur	NOUN							
le	lo	DET							
Noutari	notari	NOUN							
<lb/>	lb	XML							
De	de	ADP							
supprima	suprimar	VERB							
à	a	ADP							
jamay	jamai	ADV							
nostris	nòstre	DET							
testoméns	testament	NOUN							
claux	claure	VERB							
;	;	PUNCT							
<lb/>	lb	XML							
Les	lo	DET							
Estats	estat	NOUN							
-	-	PUNCT							
Generals	general	ADJ							
seran	èsser	VERB							
pas	pas	ADV							
ta	tant	ADV							
nigaux	nigaud	ADJ							
<lb/>	lb	XML							
De	de	ADP							
laissa	laissar	VERB							
subsista	subsistar	VERB							
aquel	aquel	DET							
article	article	NOUN							
drolle	dròle	ADJ							
,	,	PUNCT							
<lb/>	lb	XML							
Que	qui	PRON							
bal	valer	VERB							
encaro	encara	ADV							
mens	mens	ADV							
qu'	que	SCONJ							
aquel	aquel	PRON							
del	de+lo	ADP+DET							
contorolle	contraròtle	NOUN							
;	;	PUNCT							
<lb/>	lb	XML							
Et	e	CCONJ							
des	de+lo	ADP+DET							
que	que	SCONJ							
le	lo	DET							
public	public	NOUN							
,	,	PUNCT							
que	qui	PRON							
n'	non	PRON							
es	èsser	VERB							
pas	pas	ADV							
toutjour	totjorn	ADV							
sot	sòu	NOUN							
,	,	PUNCT							
<lb/>	lb	XML							
Nou	non	ADV							
ly	el	PRON							
confio	confiar	VERB							
pas	pas	ADV							
,	,	PUNCT							
sans	sans	ADP							
billet	bilhet	NOUN							
de	de	ADP							
depot	depòt	NOUN							
,	,	PUNCT							
<lb/>	lb	XML							
La	lo	DET							
plus	pus	ADV							
pitchouno	pichon	ADJ							
soumo	soma	NOUN							
et	e	CCONJ							
le	lo	DET							
plus	pus	ADV							
pitchou	pichon	ADJ							
gatge	gatge	NOUN							
:	:	PUNCT							
<lb/>	lb	XML							
Per	per	ADP							
que	que	SCONJ							
donc	donc	ADV							
y	i	PRON							
laissa	laissar	VERB							
un	un	DET							
plus	pus	ADV							
grand	grand	ADJ							
heritatgé	eritatge	NOUN							
<lb/>	lb	XML							
De	de	ADP							
cado	cada	DET							
testatou	testador	NOUN							
,	,	PUNCT							
sans	sans	ADP							
prealabloment	prealablament	ADV							
,	,	PUNCT							
<lb/>	lb	XML							
El	el	PRON							
fasquo	far	VERB							
un	un	DET							
bon	bon	ADJ							
reçu	reçú	NOUN							
de	de	ADP							
cado	cada	DET							
testoment	testament	NOUN							
?	?	PUNCT							
<lb/>	lb	XML							
Le	lo	DET							
bon	bon	ADJ							
ordre	òrdre	NOUN							
,	,	PUNCT							
las	lo	DET							
les	lo	DET							
,	,	PUNCT							
la	lo	DET							
rasou	rason	NOUN							
,	,	PUNCT							
l'	lo	DET							
ourdounanço	ordonança	NOUN							
,	,	PUNCT							
<lb/>	lb	XML							
Bolen	voler	VERB							
qu'	que	SCONJ							
el	el	PRON							
Tabelion	tabelion	NOUN							
qu'	qui	PRON							
exerço	exerçar	VERB							
dins	dins	ADP							
la	lo	DET							
Franço	França	PROPN							
,	,	PUNCT							
<lb/>	lb	XML							
Tenguo	tenir	VERB							
de	de	ADP							
repertoris	repertòri	NOUN							
des	de+lo	ADP+DET							
actes	acte	ADJ							
que	qui	PRON							
fara	far	VERB							
;	;	PUNCT							
<lb/>	lb	XML							
Que	qui	PRON							
baillara	balhar	VERB							
tabes	tanben	ADV							
,	,	PUNCT							
per	per	ADP							
pla	plan	ADV							
s'	el	PRON							
assigura	assegurar	VERB							
,	,	PUNCT							
<lb/>	lb	XML							
A	a	ADP							
cado	cada	DET							
testatou	testador	NOUN							
un	un	DET							
bon	bon	ADJ							
reçu	reçú	NOUN							
de	de	ADP							
gardo	garda	NOUN							
,	,	PUNCT							
<lb/>	lb	XML							
Per	per	ADP							
que	que	SCONJ							
nou	non	ADV							
y	i	PRON							
auje	aver	VERB							
pas	pas	ADV							
jamay	jamai	ADV							
cap	cap	ADV							
de	de	ADP							
megardo	megarda	NOUN							
.	.	PUNCT							
<lb/>	lb	XML							
L'	lo	DET							
article	article	NOUN							
bint	20	PRON							
et	e	CCONJ							
siex	6	PRON							
pot	poder	VERB							
pas	pas	ADV							
estre	èsser	VERB							
millou	melhor	ADV							
.	.	PUNCT							
<lb/>	lb	XML							
L'	lo	DET							
article	article	NOUN							
bint	20	PRON							
et	e	CCONJ							
sept	8	PRON							
a	aver	VERB							
la	lo	DET							
memo	mèma	ADJ							
fabou	favor	NOUN							
.	.	PUNCT							
<lb/>	lb	XML							
Mes	mas	CCONJ							
you	ieu	PRON							
bouldrioy	voler	VERB							
au	a+lo	ADP+DET							
mens	mens	NOUN							
que	que	SCONJ							
'l	lo	DET							
paure	paure	ADJ							
Militari	militari	NOUN							
,	,	PUNCT							
<lb/>	lb	XML							
El	el	PRON							
que	qui	PRON							
per	per	ADP							
nous	nos	PRON							
garda	gardar	VERB							
nous	nos	PRON							
es	èsser	VERB							
tant	tant	ADV							
necessari	necessari	ADJ							
,	,	PUNCT							
<lb/>	lb	XML							
Auguesso	aver	VERB							
cado	cada	DET							
jour	jorn	NOUN							
doutze	12	DET							
sols	sòl	NOUN							
à	a	ADP							
manja	manjar	VERB							
.	.	PUNCT							
<lb/>	lb	XML							
Ah	ah	INTJ							
!	!	PUNCT							
qu'	que	SCONJ							
aurion	aver	VERB							
de	de	ADP							
Souldats	soldat	NOUN							
que	qui	PRON							
se	el	PRON							
combatrion	combatre	VERB							
pla	plan	ADV							
!	!	PUNCT							
<lb/>	lb	XML							
L'	lo	DET							
article	article	NOUN							
bint	20	PRON							
et	e	CCONJ							
houeit	8	PRON							
,	,	PUNCT							
bint	20	PRON							
et	e	CCONJ							
nau	9	PRON							
et	e	CCONJ							
may	mai	ADV							
trento	30	PRON							
,	,	PUNCT							
<lb/>	lb	XML							
Amay	amai	ADV							
del	de+lo	ADP+DET							
trento	30	PRON							
un	1	PRON							
,	,	PUNCT							
l'	lo	DET							
ideo	idèa	NOUN							
es	èsser	VERB							
excellento	excellent	ADJ							
;	;	PUNCT							
<lb/>	lb	XML							
An	aver	VERB							
aqueste	aqueste	DET							
darnier	darnièr	NOUN							
le	lo	DET							
trabail	trabalh	NOUN							
es	èsser	VERB							
fort	fòrt	ADV							
grand	grand	ADJ							
,	,	PUNCT							
<lb/>	lb	XML							
L'	lo	DET							
article	article	NOUN							
trento	30	PRON							
-	-	PUNCT							
dus	2	PRON							
n'	non	PRON							
es	èsser	VERB							
pas	pas	ADV							
briquo	brica	ADV							
mechant	mechant	ADJ							
;	;	PUNCT							
<lb/>	lb	XML							
N'	non	ADV							
en	en	PRON							
parlarey	parlar	VERB							
,	,	PUNCT							
Bourrel	Borrèl	PROPN							
,	,	PUNCT							
à	a	ADP							
la	lo	DET							
fi	fin	NOUN							
de	de	ADP							
l'	lo	DET							
oubratge	obratge	NOUN							
.	.	PUNCT							
<lb/>	lb	XML							
L'	lo	DET							
article	article	NOUN							
trento	30	PRON							
-	-	PUNCT							
tres	3	PRON							
souhaiti	soetar	VERB							
que	que	SCONJ							
sio	èsser	VERB							
en	en	ADP							
usatge	usatge	NOUN							
.	.	PUNCT							
<lb/>	lb	XML							
L'	lo	DET							
article	article	NOUN							
trento	30	PRON							
-	-	PUNCT							
quatre	4	PRON							
,	,	PUNCT							
amay	amai	ADV							
le	lo	DET							
que	qui	PRON							
seguis	seguir	VERB							
<lb/>	lb	XML							
Son	èsser	AUX							
toutis	tot	DET							
deux	2	PRON							
pla	plan	ADV							
bous	vos	PRON							
.	.	PUNCT							
.	.	PUNCT							
.	.	PUNCT							
.	.	PUNCT							
.	.	PUNCT							
.	.	PUNCT							
mêmo	mèma	ADV							
nostre	nòstre	DET							
LOUIS	Loís	PROPN							
<lb/>	lb	XML							
Demando	demandar	VERB							
pas	pas	ADV							
qu'	que	SCONJ							
acos	aquò	ADV							
;	;	PUNCT							
soun	son	DET							
amo	amor	NOUN							
qu'	qui	PRON							
es	èsser	VERB							
ta	tant	ADV							
bouno	bon	ADJ							
,	,	PUNCT							
<lb/>	lb	XML							
Bol	voler	VERB							
le	lo	DET							
bounheur	bonur	NOUN							
del	de+lo	ADP+DET							
Pople	pòble	NOUN							
et	e	CCONJ							
le	lo	DET							
de	de	ADP							
la	lo	DET							
Courouno	corona	NOUN							
,	,	PUNCT							
<lb/>	lb	XML							
Et	e	CCONJ							
bol	voler	VERB							
ambe	amb	ADP							
nous	nos	PRON							
aux	autre	PRON							
bioure	viure	VERB							
tranquilloment	tranquilament	ADV							
.	.	PUNCT							
<lb/>	lb	XML							
Perque	perqué	ADV							
se	el	PRON							
fa	far	VERB							
tira	tirar	VERB							
l'	lo	DET							
aureillo	aurelha	NOUN							
tant	tant	ADV							
soubent	sovent	ADV							
?	?	PUNCT							
<lb/>	lb	XML							
L'	lo	DET							
article	article	NOUN							
trento	30	PRON							
-	-	PUNCT							
dus	2	PRON							
es	èsser	AUX							
fayt	far	VERB							
d'	de	ADP							
uno	un	DET							
ma	man	NOUN							
habillo	abil	ADJ							
.	.	PUNCT							
<lb/>	lb	XML							
L'	lo	DET							
article	article	NOUN							
quatre	4	PRON							
enfin	enfin	ADV							
que	qui	PRON							
demando	demandar	VERB							
la	lo	DET							
Bilo	vila	NOUN							
,	,	PUNCT							
<lb/>	lb	XML							
Et	e	CCONJ							
que	qui	PRON							
se	el	PRON							
trobo	trobar	VERB							
escriout	escriure	VERB							
à	a	ADP							
la	lo	DET							
fi	fin	NOUN							
del	de+lo	ADP+DET							
cahier	caièr	NOUN							
,	,	PUNCT							
<lb/>	lb	XML							
Souhaiti	soetar	VERB							
que	que	SCONJ							
reussiquo	reussir	VERB							
,	,	PUNCT							
amic	amic	NOUN							
,	,	PUNCT							
en	en	ADP							
soun	son	DET							
entié	entièr	NOUN							
.	.	PUNCT							
<lb/>	lb	XML							
Sans	sans	ADP							
Parloment	parlament	NOUN							
,	,	PUNCT							
Toulouso	Tolosa	PROPN							
,	,	PUNCT							
oun	ont	PRON							
sayo	èsser	VERB							
ta	tant	ADV							
ressourço	ressorça	NOUN							
!	!	PUNCT							
<lb/>	lb	XML							
Aquos	aquò	PRON							
d'	de	ADP							
aquelo	aquel	DET							
Cour	cor	NOUN							
que	qui	PRON							
coulo	colar	VERB							
touto	tot	DET							
sourço	sorça	NOUN							
.	.	PUNCT							
<lb/>	lb	XML							
Elo	el	PRON							
nous	nos	PRON							
fa	far	VERB							
beni	venir	VERB							
quantitat	quantitat	NOUN							
d'	de	ADP							
Estrangés	estrangé	NOUN							
,	,	PUNCT							
<lb/>	lb	XML							
Qu'	qui	PRON							
uzon	usar	VERB							
d'	de	ADP							
habillomens	abilhament	NOUN							
,	,	PUNCT							
de	de	ADP							
capels	capèl	NOUN							
,	,	PUNCT							
de	de	ADP							
souillés	solièr	NOUN							
<lb/>	lb	XML							
Elo	el	PRON							
nouyris	noirir	VERB							
tabes	tanben	ADV							
l'	lo	DET							
homme	òme	NOUN							
que	qui	PRON							
sap	saber	VERB							
escrioure	escriure	VERB							
;	;	PUNCT							
<lb/>	lb	XML							
Enfin	enfin	ADV							
,	,	PUNCT							
sans	sans	ADP							
nostro	nòstre	DET							
Cour	cor	NOUN							
,	,	PUNCT							
on	òm	PRON							
nou	non	ADV							
pourrio	poder	VERB							
pas	pas	ADV							
bioure	viure	VERB							
.	.	PUNCT							
<lb/>	lb	XML							
Qual	caler	VERB							
prega	pregar	VERB							
les	lo	DET							
Estats	estat	NOUN							
qu'	que	SCONJ							
aujen	aver	VERB							
aumens	a+lo+mens	ADV							
le	lo	DET							
sen	sens	NOUN							
<lb/>	lb	XML							
De	de	ADP							
conserba	conservar	VERB							
toutjoun	totjorn	ADV							
nostre	nòstre	DET							
bon	bon	ADJ							
Parlomen	parlament	NOUN							
;	;	PUNCT							
<lb/>	lb	XML							
Et	e	CCONJ							
d'	de	ADP							
ailleurs	alhur	ADV							
compousat	compausar	VERB							
de	de	ADP							
,	,	PUNCT							
Jutges	jutge	NOUN							
tant	tant	ADV							
affables	afable	ADJ							
,	,	PUNCT							
<lb/>	lb	XML							
Tant	tant	ADV							
brabes	brave	ADJ							
,	,	PUNCT							
tant	tant	ADV							
prudens	prudent	ADJ							
,	,	PUNCT							
amay	amai	ADV							
tant	tant	ADV							
équitables	equitable	ADJ							
,	,	PUNCT							
<lb/>	lb	XML							
Qu'	que	SCONJ							
es	èsser	VERB							
juste	just	ADJ							
que	que	SCONJ							
'l	lo	DET							
Public	public	NOUN							
que	qui	PRON							
n'	non	PRON							
es	èsser	AUX							
pas	pas	ADV							
esclairat	esclairar	VERB							
,	,	PUNCT							
<lb/>	lb	XML							
Sio	èsser	AUX							
conduit	conduire	VERB							
per	per	ADP							
de	de	ADP							
Gens	gent	NOUN							
qu'	qui	PRON							
an	aver	VERB							
belcop	belcòp	ADV							
mai	mai	ADV							
de	de	ADP							
cap	cap	NOUN							
.	.	PUNCT							
<lb/>	lb	XML							
Le	lo	DET							
vertuoux	vertuós	ADJ							
CAMBOU	Cambon	PROPN							
,	,	PUNCT							
Magistrat	magistrat	NOUN							
tant	tant	ADV							
aimable	aimable	ADJ							
,	,	PUNCT							
<lb/>	lb	XML							
Es	èsser	VERB							
Prumié	prumièr	ADJ							
Président	president	NOUN							
d'	de	ADP							
aquel	aquel	DET							
Corps	còrps	NOUN							
respectable	respectable	ADJ							
.	.	PUNCT							
<lb/>	lb	XML							
Nostre	nòstre	DET							
Rey	rei	NOUN							
tant	tant	ADV							
cherit	cherir	VERB							
,	,	PUNCT							
la	lo	DET							
balanço	balança	NOUN							
à	a	ADP							
la	lo	DET							
ma	man	NOUN							
,	,	PUNCT							
<lb/>	lb	XML							
An	aver	VERB							
aquel	aquel	DET							
brillant	brilhant	ADJ							
reng	ranc	NOUN							
a	aver	AUX							
boulgut	voler	VERB							
l'	el	PRON							
eleba	elevar	VERB							
.	.	PUNCT							
<lb/>	lb	XML							
Qui	qui	PRON							
,	,	PUNCT							
Magistrat	magistrat	NOUN							
prudent	prudent	ADJ							
,	,	PUNCT							
l'	lo	DET							
aunou	onor	NOUN							
de	de	ADP							
ma	mon	DET							
Patrio	patria	NOUN							
,	,	PUNCT							
<lb/>	lb	XML							
Amay	amai	ADV							
bostro	vòstre	DET							
Mouillé	molhèr	NOUN							
,	,	PUNCT							
Présidento	president	NOUN							
cherio	cherir	VERB							
,	,	PUNCT							
<lb/>	lb	XML							
Regnarets	regnar	VERB							
à	a	ADP							
jamay	jamai	ADV							
al	a+lo	ADP+DET							
fonds	fons	NOUN							
de	de	ADP							
nostre	nòstre	DET							
cor	còr	NOUN							
:	:	PUNCT							
<lb/>	lb	XML							
L'	lo	DET							
amour	amor	NOUN							
des	de+lo	ADP+DET							
Toulousains	tolosan	ADJ							
es	èsser	VERB							
le	lo	DET							
plus	pus	ADV							
bel	bèl	ADJ							
tresor	tresòr	NOUN							
.	.	PUNCT							
<lb/>	lb	XML							
<lb/>	lb	XML							
Mestre	mèstre	NOUN							
BOURREL	Borrèl	PROPN							
.	.	PUNCT							
<lb/>	lb	XML							
You	ieu	PRON							
soun	èsser	AUX							
fort	fòrt	ADV							
encantat	encantar	VERB							
,	,	PUNCT							
mon	mon	DET							
cher	cher	ADJ							
,	,	PUNCT							
de	de	ADP							
bous	vos	PRON							
entendre	entendre	VERB							
;	;	PUNCT							
<lb/>	lb	XML							
L'	lo	DET							
homme	òme	NOUN							
le	lo	DET							
may	mai	ADV							
d'	de	ADP							
esprit	esprit	NOUN							
,	,	PUNCT							
ambe	amb	ADP							
bous	vos	PRON							
pot	poder	VERB							
apprendre	aprendre 	VERB							
.	.	PUNCT							
<lb/>	lb	XML							
Couneissi	conéisser	VERB							
pas	pas	ADV							
digus	degus	PRON							
,	,	PUNCT							
ni	ni	ADV							
may	mai	ADV							
cap	cap	ADV							
d'	de	ADP							
Aboucat	avocat	NOUN							
,	,	PUNCT							
<lb/>	lb	XML							
Que	qui	PRON							
posquo	poder	VERB							
abe	aver	VERB							
le	lo	DET							
sen	sens	NOUN							
de	de	ADP							
Mestre	mèstre	NOUN							
Labertat	Lavertat	PROPN							
.	.	PUNCT							
<lb/>	lb	XML							
Per	per	ADP							
nega	negar	VERB							
le	lo	DET							
chagrin	chagrin	NOUN							
qu'	qui	PRON							
ouccupo	ocupar	NOUN							
tant	tant	ADV							
la	lo	DET							
Franço	França	PROPN							
,	,	PUNCT							
<lb/>	lb	XML							
Anguen	anar	VERB							
-	-	PUNCT							
non	non	ADV							
beoure	beure	VERB							
un	un	DET							
cop	còp	NOUN							
et	e	CCONJ							
pla	plan	ADV							
rempli	remplir	VERB							
la	lo	DET							
panço	pança	NOUN							
:	:	PUNCT							
<lb/>	lb	XML							
Anguen	anar	VERB							
d'	de	ADP							
aqueste	aqueste	DET							
pas	pas	ADV							
che	chès	ADP							
'l	lo	DET							
cousigné	co-signé	NOUN							
Sauclet	Sauclet	PROPN							
,	,	PUNCT							
<lb/>	lb	XML							
Manga	manjar	VERB							
qualquo	qualque	DET							
pansetto	pançeta	NOUN							
amay	amai	ADV							
un	un	DET							
salpiquet	salpiquet	NOUN							
.	.	PUNCT							
<lb/>	lb	XML							
<lb/>	lb	XML							
Mestre	mèstre	NOUN							
LABERTAT	Lavertat	PROPN							
.	.	PUNCT							
<lb/>	lb	XML							
You	ieu	PRON							
soun	èsser	VERB							
d'	de	ADP							
aquel	aquel	DET							
abis	avís	NOUN							
.	.	PUNCT							
car	car	CCONJ							
la	lo	DET							
fam	fam	NOUN							
me	ieu	PRON							
deboro	devorar	VERB							
;	;	PUNCT							
<lb/>	lb	XML							
Amb'	amb	ADP							
aquestis	aqueste	DET							
affas	afar	NOUN							
soun	èsser	VERB							
tout	tot	ADV							
ahouey	uèi	ADV							
deforo	defòra	ADV							
.	.	PUNCT							
